erc20,0xdf7837de1f2fa4631d716cf2502f8b230f1dcc32,0x089775364ea24957da94348cf740375826ed3330,58.7
erc20,0xdf7837de1f2fa4631d716cf2502f8b230f1dcc32,0x3ba3e60875becf48efc6ef3e9e3d05f102ec329a,130174
erc20,0xdf7837de1f2fa4631d716cf2502f8b230f1dcc32,0xac1513a6c4c3e74cb0c1f77c8cbbbf22a2400e33,429891.39
erc20,0xdf7837de1f2fa4631d716cf2502f8b230f1dcc32,0xa78d59f05acf567e60f70b8bdae5c88825c5b3c1,232.14
erc20,0xdf7837de1f2fa4631d716cf2502f8b230f1dcc32,0x555f9daad28487cee43cd226b9a2f33d57c98964,2438.72
erc20,0xdf7837de1f2fa4631d716cf2502f8b230f1dcc32,0x62a2e88e0e35b7d694d03ada42122c1e9ad7e1b5,13335.05
erc20,0xdf7837de1f2fa4631d716cf2502f8b230f1dcc32,0x6e9439a97bde6f23655e31bee01d430313c684a9,22.65
erc20,0xdf7837de1f2fa4631d716cf2502f8b230f1dcc32,0x93b6f2f5ac91596efec805accae0c04c00fe8882,84.91
erc20,0xdf7837de1f2fa4631d716cf2502f8b230f1dcc32,0xb9542f9e7ab332346c818483bb8f3292a0653ab7,2177.23
erc20,0xdf7837de1f2fa4631d716cf2502f8b230f1dcc32,0x87029960cb6d1011289d35bc8944d37b88c46b72,11100.54
erc20,0xdf7837de1f2fa4631d716cf2502f8b230f1dcc32,0x05928b30cdadf923980ad00655f89349d08751fd,18.59
erc20,0xdf7837de1f2fa4631d716cf2502f8b230f1dcc32,0x9b9a63cff3d7c5fd7c805ee88b0abd24b134b765,0.55
erc20,0xdf7837de1f2fa4631d716cf2502f8b230f1dcc32,0x45b16cc60331f7aa5f3c86101ea36eb0db367f95,735.14
erc20,0xdf7837de1f2fa4631d716cf2502f8b230f1dcc32,0x75b1f060be9ea50b2181a00dee0d43fdfc13b834,4814.85
erc20,0xdf7837de1f2fa4631d716cf2502f8b230f1dcc32,0xfb557263280b0b270a0031400d45eb722f7fe232,129.55
erc20,0xdf7837de1f2fa4631d716cf2502f8b230f1dcc32,0xb4633912c7374cd94d8917a167449e23b46d0ad1,1.24
erc20,0xdf7837de1f2fa4631d716cf2502f8b230f1dcc32,0x13dcd82f8b7aeb3e22f1ed1eb724f18e15192f10,14.38
erc20,0xdf7837de1f2fa4631d716cf2502f8b230f1dcc32,0x62c1a798fe63e5e28c6a62af34be0101644ba21a,11.68
erc20,0xdf7837de1f2fa4631d716cf2502f8b230f1dcc32,0x6f9769d24e7266911d8704aa8185eb50a9d43e25,12.05
erc20,0xdf7837de1f2fa4631d716cf2502f8b230f1dcc32,0x156addeb51e43e795b5796f6b8a5068ec1734b95,22.52
erc20,0xdf7837de1f2fa4631d716cf2502f8b230f1dcc32,0xfefe8736b8debeb1592dac993c81e002af8c34e9,45869.67
erc20,0xdf7837de1f2fa4631d716cf2502f8b230f1dcc32,0x8ed1d42f026da942b6c31238ff9a7eb03f99451e,6124
erc20,0xdf7837de1f2fa4631d716cf2502f8b230f1dcc32,0xea5ce9fb702738a9f8a214e6887b5f013fdc1a00,1738.15
erc20,0xdf7837de1f2fa4631d716cf2502f8b230f1dcc32,0x35da61143072716e9ca1dc688e9b04145314e8d1,327.89
erc20,0xdf7837de1f2fa4631d716cf2502f8b230f1dcc32,0xbb88588215c74210449f907ba48380330bdaee7e,28522.81
erc20,0xdf7837de1f2fa4631d716cf2502f8b230f1dcc32,0x7e295c18fca9de63cf965cfcd3223909e1dba6af,498.31
erc20,0xdf7837de1f2fa4631d716cf2502f8b230f1dcc32,0xfb9186421c34d2086595855ba8951c1257dac22d,12.84
erc20,0xdf7837de1f2fa4631d716cf2502f8b230f1dcc32,0x1d9d1a83c956c90b9731d04ad04ee14333d2f8bf,401.29
erc20,0xdf7837de1f2fa4631d716cf2502f8b230f1dcc32,0xbc95c359d40bd187e9c5ecb3ca8ba9508b4e4685,3.29
erc20,0xdf7837de1f2fa4631d716cf2502f8b230f1dcc32,0x7affda8e8e9c27495cef92e3843e7a1bbe0b6b13,2566.06
erc20,0xdf7837de1f2fa4631d716cf2502f8b230f1dcc32,0x864d69e84bcbf88dc63c0333501b1db5d3fdbf28,1019.85
erc20,0xdf7837de1f2fa4631d716cf2502f8b230f1dcc32,0xc9ee1d5e3327fc3ee8122ea69d9f9f66e35a889e,94.07
erc20,0xdf7837de1f2fa4631d716cf2502f8b230f1dcc32,0x6ed0e62b01c345762eb4246e29ecd4517d9bd645,7215.69
erc20,0xdf7837de1f2fa4631d716cf2502f8b230f1dcc32,0x598d03a9020bfbabbdae1f975088afd3928a80a5,15.26
erc20,0xdf7837de1f2fa4631d716cf2502f8b230f1dcc32,0xf642d27162fc33f4f4a89e1335e78c03b678803d,6.14
erc20,0xdf7837de1f2fa4631d716cf2502f8b230f1dcc32,0x8f3bad7689e6c9bccd60a493079dad8f5189e4de,771.78
erc20,0xdf7837de1f2fa4631d716cf2502f8b230f1dcc32,0x83d048b52a0494a01a431637a6dbdc59d5543521,824.24
erc20,0xdf7837de1f2fa4631d716cf2502f8b230f1dcc32,0x929a2c1a29ab835e56fd02b51566165ecb2993ba,5.07
erc20,0xdf7837de1f2fa4631d716cf2502f8b230f1dcc32,0xc938421f4f283ab7886f172413b3aba23988ae41,43.21
erc20,0xdf7837de1f2fa4631d716cf2502f8b230f1dcc32,0xd83b065e0528922257c5c3b18d08d0f81e42bbcf,1951.4
erc20,0xdf7837de1f2fa4631d716cf2502f8b230f1dcc32,0xbb53599c13ab439c4853a162c1468c5aa52f7624,2242.35
erc20,0xdf7837de1f2fa4631d716cf2502f8b230f1dcc32,0x8a5d7f1d189c86397b134389218bbfa8b7b0b958,1048.5
erc20,0xdf7837de1f2fa4631d716cf2502f8b230f1dcc32,0xc6a0a892ee3ff1b6085846d0ed4bccafbf9ea9f1,124.41
erc20,0xdf7837de1f2fa4631d716cf2502f8b230f1dcc32,0xa1cbc6ab627c68b32117ab7290dc45aa683f629c,15145.23
erc20,0xdf7837de1f2fa4631d716cf2502f8b230f1dcc32,0x3a796178b60a28c3287357e8305fa7721969f1c1,1.31
erc20,0xdf7837de1f2fa4631d716cf2502f8b230f1dcc32,0x2d198cb728acadccff21e8057c46fbd55f392955,0.28
erc20,0xdf7837de1f2fa4631d716cf2502f8b230f1dcc32,0xb4f9b22de7a2706bca8041cb91681ac94a1223a7,1615.39
erc20,0xdf7837de1f2fa4631d716cf2502f8b230f1dcc32,0x33833541a74ef975d6e5eddeb636201694e32da9,595.21
erc20,0xdf7837de1f2fa4631d716cf2502f8b230f1dcc32,0xcc3dde4e47d0ee3937d55b28538be83026f44277,1359.17
erc20,0xdf7837de1f2fa4631d716cf2502f8b230f1dcc32,0x510d0e4def20c6bfd84f080bc424bac5c66941f4,9.51
erc20,0xdf7837de1f2fa4631d716cf2502f8b230f1dcc32,0xeb374c7b3ee645b03556731412937009f05f0ec4,12534.4
erc20,0xdf7837de1f2fa4631d716cf2502f8b230f1dcc32,0x1c80d2a677c4a7756cf7d00fbb1c1766321333c3,198.24
erc20,0xdf7837de1f2fa4631d716cf2502f8b230f1dcc32,0x2814c361bf1289cef2958db2fd9de154f37a8963,182.84
erc20,0xdf7837de1f2fa4631d716cf2502f8b230f1dcc32,0x2d2170d22d67d3eb3096feb73b8100ba01d76e6a,7.57
erc20,0xdf7837de1f2fa4631d716cf2502f8b230f1dcc32,0x93a79ae91740c54b1221bdb2b44be1cb5eb8ff52,25.62
erc20,0xdf7837de1f2fa4631d716cf2502f8b230f1dcc32,0x789566913b17af87c9951d1a91405a974a689636,84.89
erc20,0xdf7837de1f2fa4631d716cf2502f8b230f1dcc32,0x4982aa9328c6e21f3c8037ffb78e6809e2cdbbf3,15.51
erc20,0xdf7837de1f2fa4631d716cf2502f8b230f1dcc32,0x30e9606ac1b57e87467b17a5f55525f639603d43,38.79
erc20,0xdf7837de1f2fa4631d716cf2502f8b230f1dcc32,0x2255df24cf266f72859879dcad4cfab17bf07aab,79208.5
erc20,0xdf7837de1f2fa4631d716cf2502f8b230f1dcc32,0xb7696dca94a198b4e3a10fb37c37101f02d42613,28.32
erc20,0xdf7837de1f2fa4631d716cf2502f8b230f1dcc32,0x8f53ee19c636c388eb48c1ad428b12d0f6f114c7,394.02
erc20,0xdf7837de1f2fa4631d716cf2502f8b230f1dcc32,0x3b3989c9d19c4dd15c32b308fc800eefe5a93208,43.84
erc20,0xdf7837de1f2fa4631d716cf2502f8b230f1dcc32,0xd0d919780117d4f539887f393d3a9188d91a9022,4501.59
erc20,0xdf7837de1f2fa4631d716cf2502f8b230f1dcc32,0x9b68e32b09925f983e9c7317bf8191b5dc829a84,3078.47
erc20,0xdf7837de1f2fa4631d716cf2502f8b230f1dcc32,0x16c9b55060ab9cc6a69a88b31361b575990af19c,53.02
erc20,0xdf7837de1f2fa4631d716cf2502f8b230f1dcc32,0xfea30e5767ce9c0f5aa5fdac59165ae1becce34d,0.75
erc20,0xdf7837de1f2fa4631d716cf2502f8b230f1dcc32,0x2e41d2f99adbb2d99004e247dddf6c6df7f50a10,72.15
erc20,0xdf7837de1f2fa4631d716cf2502f8b230f1dcc32,0x83f39a531eec4f122371072e49d00c8de177d028,116.34
erc20,0xdf7837de1f2fa4631d716cf2502f8b230f1dcc32,0x10a1e1801d2fc4c8c872dcb7e78cd097c6a1675d,6399.2
erc20,0xdf7837de1f2fa4631d716cf2502f8b230f1dcc32,0x3853127878e9549197fe0e2c083d06e49eea6180,2227.64
erc20,0xdf7837de1f2fa4631d716cf2502f8b230f1dcc32,0x2f4bf65c56dfec5025d2aea6062c5d2ae187e5f2,727.29
erc20,0xdf7837de1f2fa4631d716cf2502f8b230f1dcc32,0x3f1d812421611b7b6459d754735235fcd6ecd456,2924.64
erc20,0xdf7837de1f2fa4631d716cf2502f8b230f1dcc32,0x9778c096ab86f0aa8187a2375bd6b8c2a4057231,142.7
erc20,0xdf7837de1f2fa4631d716cf2502f8b230f1dcc32,0x46edca4bac587c0a8ccfe974df6e06e0f7c45897,22697.47
erc20,0xdf7837de1f2fa4631d716cf2502f8b230f1dcc32,0xe6a99677cee43fa29ada4354c29041b33535a9b6,11.85
erc20,0xdf7837de1f2fa4631d716cf2502f8b230f1dcc32,0x145b2eaa60ec8d031ba05571a1be8c91066b2d4d,830.03
erc20,0xdf7837de1f2fa4631d716cf2502f8b230f1dcc32,0xf3aaf171b540e695b8199a4d305a93ab3bd7a178,3858.37
erc20,0xdf7837de1f2fa4631d716cf2502f8b230f1dcc32,0xa3105eb4173edcae21b9eb9cea10933a1fe171a0,562.83
erc20,0xdf7837de1f2fa4631d716cf2502f8b230f1dcc32,0xf86e88aade1709a0105c9b5a30d6bae43b3910d6,1.34
erc20,0xdf7837de1f2fa4631d716cf2502f8b230f1dcc32,0xdf830af631034d3830e251c4ffdb390466807f1f,101.03
erc20,0xdf7837de1f2fa4631d716cf2502f8b230f1dcc32,0x1395ee393cb986f0827137cbd4a2fa675083b5cd,23.78
erc20,0xdf7837de1f2fa4631d716cf2502f8b230f1dcc32,0x77efdf985162d0a066d47a1da8a474b0628afefb,0.35
erc20,0xdf7837de1f2fa4631d716cf2502f8b230f1dcc32,0xf5dfa78573d859ba64522b44ff0f7f970cfc5d78,2651.01
erc20,0xdf7837de1f2fa4631d716cf2502f8b230f1dcc32,0xf3ded054fc6282d76fcc4f6ca41adef6e897a3e4,18.88
erc20,0xdf7837de1f2fa4631d716cf2502f8b230f1dcc32,0x0677e32400f4281a16bf8f402c3111b52279eb04,37.81
erc20,0xdf7837de1f2fa4631d716cf2502f8b230f1dcc32,0xa873c316b7b1d8f1bb7cb8af7f453ed47530d9b8,15.81
erc20,0xdf7837de1f2fa4631d716cf2502f8b230f1dcc32,0x5872b1d08c76497dd8b10c40c77d23815e599982,1.95
erc20,0xdf7837de1f2fa4631d716cf2502f8b230f1dcc32,0x5b031435a0d60d09c244a007973cc6134b06c134,716.87
erc20,0xdf7837de1f2fa4631d716cf2502f8b230f1dcc32,0x120fd015151d5953349c54ead919dfb3c8bc99d3,19.72
erc20,0xdf7837de1f2fa4631d716cf2502f8b230f1dcc32,0xc80a768feeec5da8643504ca9a87aafa87690e85,10.65
erc20,0xdf7837de1f2fa4631d716cf2502f8b230f1dcc32,0x976d27d230f1d6fb0613d8cb40d368e9ea083ddd,9.57
erc20,0xdf7837de1f2fa4631d716cf2502f8b230f1dcc32,0x2862b1ac46a6adf947813887b589c70c05047a17,55.08
erc20,0xdf7837de1f2fa4631d716cf2502f8b230f1dcc32,0xb9d3fc98086535fbba4ce406dbee6b9d236582de,10750.33
erc20,0xdf7837de1f2fa4631d716cf2502f8b230f1dcc32,0xb9bc1ee6e73fa6d970bc84ec45ee0fe7986a4953,299.74
erc20,0xdf7837de1f2fa4631d716cf2502f8b230f1dcc32,0x7302016f4bdbd2cd35d9327cffc1c2fdf202273a,7943.17
erc20,0xdf7837de1f2fa4631d716cf2502f8b230f1dcc32,0x7a6039804cdbc28bc7cae7ff6341ec76fddb254b,2594.23
erc20,0xdf7837de1f2fa4631d716cf2502f8b230f1dcc32,0x014e3de9534212ed8a69cf3df010d8a24a90b142,1054.21
erc20,0xdf7837de1f2fa4631d716cf2502f8b230f1dcc32,0xe860bfcf443ca7a19490be1f2076b9724c7864de,9.2
erc20,0xdf7837de1f2fa4631d716cf2502f8b230f1dcc32,0x3f7ebd27decbdbf0178fd5a76fda010efac14403,29.41
erc20,0xdf7837de1f2fa4631d716cf2502f8b230f1dcc32,0x511dafe3d0937a3ab36a2fb9a44f7164f4c687ad,1599.47
erc20,0xdf7837de1f2fa4631d716cf2502f8b230f1dcc32,0xef59c8de452c027bc2ac5e9e3e6e369c090c5ef0,10524.81
erc20,0xdf7837de1f2fa4631d716cf2502f8b230f1dcc32,0xa2837db2fe1aafc8643d576aa99b56fa64f01eaf,44.88
erc20,0xdf7837de1f2fa4631d716cf2502f8b230f1dcc32,0x0af08baac605c3a9a4c5ed367ef6c51e2fd758d4,197.07
erc20,0xdf7837de1f2fa4631d716cf2502f8b230f1dcc32,0x64eaf14979a20e206c0c26fa79399018074b9753,198.91
erc20,0xdf7837de1f2fa4631d716cf2502f8b230f1dcc32,0x13a477fd91ca18a8d366440a5726227e0bbff4b8,23.66
erc20,0xdf7837de1f2fa4631d716cf2502f8b230f1dcc32,0x90c893e238690c16d3519084d9e4913369a46627,544.22
erc20,0xdf7837de1f2fa4631d716cf2502f8b230f1dcc32,0xefe7d014563e674f747fab34d78cd0b473a4e684,1.14
erc20,0xdf7837de1f2fa4631d716cf2502f8b230f1dcc32,0x18a46be21830040201433f0bfe8f9ba1ea81ddf9,2815.75
erc20,0xdf7837de1f2fa4631d716cf2502f8b230f1dcc32,0xd1892f30b3c5b3a0a364ca79b28e755d9ff14680,9248.12
erc20,0xdf7837de1f2fa4631d716cf2502f8b230f1dcc32,0x5ad852f4b40595962f199992f6cbde89cb5b2f59,14718.34
erc20,0xdf7837de1f2fa4631d716cf2502f8b230f1dcc32,0x411212f732e2c4c9abc18ad63f6c58455ddd582a,7396.38
erc20,0xdf7837de1f2fa4631d716cf2502f8b230f1dcc32,0xdd8fd8cefd4a6db531cc00cef1ce46009fba7158,30.23
erc20,0xdf7837de1f2fa4631d716cf2502f8b230f1dcc32,0x6f3f34bfcc6eff39114dadf099b00bde550ed128,25676.95
erc20,0xdf7837de1f2fa4631d716cf2502f8b230f1dcc32,0x455977eb0ba930fab2962d67c1864f2a64da13e8,38.29
erc20,0xdf7837de1f2fa4631d716cf2502f8b230f1dcc32,0x44aa331c17f0c5084744d3d7b73724651545ac9f,5284.82
erc20,0xdf7837de1f2fa4631d716cf2502f8b230f1dcc32,0xb24d5c7425e4465ca8d779b4325073ef68cda47d,1.19
erc20,0xdf7837de1f2fa4631d716cf2502f8b230f1dcc32,0x5777a8ec25fa9df67185668ba0f07789d7c31002,221.12
erc20,0xdf7837de1f2fa4631d716cf2502f8b230f1dcc32,0x9913ea99f47ef8bea22909c8bfd15073dd1483fb,0.27
erc20,0xdf7837de1f2fa4631d716cf2502f8b230f1dcc32,0x313aa229c8c9bc14918b5e8179498c6ef055e0c5,2.3
erc20,0xdf7837de1f2fa4631d716cf2502f8b230f1dcc32,0x68250c9cc8a706dfc99e6bbe0ec50a1a03d108f6,53.9
erc20,0xdf7837de1f2fa4631d716cf2502f8b230f1dcc32,0x4e93098026dc7441d4cf904c808ba9066d2fa000,577.8
erc20,0xdf7837de1f2fa4631d716cf2502f8b230f1dcc32,0x1c190aea1409ac9036ed45e829de2018002ac3d7,12.06
erc20,0xdf7837de1f2fa4631d716cf2502f8b230f1dcc32,0x55f69d0d92d96b8233b8dee46e05e09507dad664,152.76
erc20,0xdf7837de1f2fa4631d716cf2502f8b230f1dcc32,0x91da4e77957f761454472c919fdac03c28ae8cf0,0.24
erc20,0xdf7837de1f2fa4631d716cf2502f8b230f1dcc32,0x424d7d7010c1aba69cc6925d6be74bb7a76f811f,1108.52
erc20,0xdf7837de1f2fa4631d716cf2502f8b230f1dcc32,0x54159b5b57334e8fbacfec33ab9c11ad988de6f9,604.34
erc20,0xdf7837de1f2fa4631d716cf2502f8b230f1dcc32,0xefa0cc7a120d28d0a4d306929bdfe6dd2df2335e,93.73
erc20,0xdf7837de1f2fa4631d716cf2502f8b230f1dcc32,0xaebe279ce3c57be2cb4fd907e407d9de89487988,7.35
erc20,0xdf7837de1f2fa4631d716cf2502f8b230f1dcc32,0x1b949538d6fff93ce28aa14a576bc6f2b04ee6b2,19723.6
erc20,0xdf7837de1f2fa4631d716cf2502f8b230f1dcc32,0x550cf37c9dad48d076c05e9544d792540aa16f9a,19.3
erc20,0xdf7837de1f2fa4631d716cf2502f8b230f1dcc32,0xc41be2a5f828519f4095f1e1425cc62b686059b6,4.49
erc20,0xdf7837de1f2fa4631d716cf2502f8b230f1dcc32,0xee49c4fc4860e1b8bc63dec6d3e09110fe716112,20.17
erc20,0xdf7837de1f2fa4631d716cf2502f8b230f1dcc32,0x08a1cbf2f524afa2115046233f0b4fbf6ae54b51,25.5
erc20,0xdf7837de1f2fa4631d716cf2502f8b230f1dcc32,0xe6da1df494bb327de03404d200ddfab7a79714fb,6127.15
erc20,0xdf7837de1f2fa4631d716cf2502f8b230f1dcc32,0x9534b6680d915bcc3501531790976dbb6d9d1ba9,2063.78
erc20,0xdf7837de1f2fa4631d716cf2502f8b230f1dcc32,0xf814a8e1607aa1d1a33f42a4c9b3b67eadce45bd,71.94
erc20,0xdf7837de1f2fa4631d716cf2502f8b230f1dcc32,0xe7474d07fd2fa286e7e0aa23cd107f8379085037,6045.61
erc20,0xdf7837de1f2fa4631d716cf2502f8b230f1dcc32,0xe3b96cdb3d5635dd6fbe19cea6463c344db9228f,2802.8
erc20,0xdf7837de1f2fa4631d716cf2502f8b230f1dcc32,0xd1b9dc34dcb85e970dccaac6dd79a3810b9b4bf9,5.79
erc20,0xdf7837de1f2fa4631d716cf2502f8b230f1dcc32,0x8e81e45a65ce74b007691ecf3205b78e0c806e1b,22.23
erc20,0xdf7837de1f2fa4631d716cf2502f8b230f1dcc32,0xa063d2b8b4f125c1b63d432b090a0e9ebab6af73,1214.27
erc20,0xdf7837de1f2fa4631d716cf2502f8b230f1dcc32,0xbc34cb7c23cf90508464d37eac241613e4487edf,307.06
erc20,0xdf7837de1f2fa4631d716cf2502f8b230f1dcc32,0xbe0db09f73d50c704eaef8ffbd7787577e354bde,383.44
erc20,0xdf7837de1f2fa4631d716cf2502f8b230f1dcc32,0x01417e59b64efc0c8727a31f1fbba7c6536307a3,749.33
erc20,0xdf7837de1f2fa4631d716cf2502f8b230f1dcc32,0xb0848ee9f1c0e3c3114e7214881089eff6690c53,64.52
erc20,0xdf7837de1f2fa4631d716cf2502f8b230f1dcc32,0x44442002d4026c785f43f31aae7a4dbc7d7808d2,16.21
erc20,0xdf7837de1f2fa4631d716cf2502f8b230f1dcc32,0x39b2ad840fcf5d93a4b80344612cfb1ad45a82e6,82.71
erc20,0xdf7837de1f2fa4631d716cf2502f8b230f1dcc32,0xf2136f48f74aaa4e55e8ad8cbe4e2bfe7ed25568,180.36
erc20,0xdf7837de1f2fa4631d716cf2502f8b230f1dcc32,0x5481bbb908b34e4632c528e731004c5cbc145ba0,280.98
erc20,0xdf7837de1f2fa4631d716cf2502f8b230f1dcc32,0x3fdbad53ab0068b9740aa2b9f7fddf3ef65e401c,16.82
erc20,0xdf7837de1f2fa4631d716cf2502f8b230f1dcc32,0xc1ae8fe3a51772b8c796e2d771d69bfb8bdebf52,80.06
erc20,0xdf7837de1f2fa4631d716cf2502f8b230f1dcc32,0xb73c85fd1c9a0bde7ce2cedec5c467f9890122c7,982.47
erc20,0xdf7837de1f2fa4631d716cf2502f8b230f1dcc32,0xa0ca5fc507f3c66fd3954ac46da328cd228cefcb,1318.18
erc20,0xdf7837de1f2fa4631d716cf2502f8b230f1dcc32,0x643700b0703c013a66d20f85538006fe3d497669,991.31
erc20,0xdf7837de1f2fa4631d716cf2502f8b230f1dcc32,0xedd9c691b8e6a2a201c6a44dff028860c00a115b,36.44
erc20,0xdf7837de1f2fa4631d716cf2502f8b230f1dcc32,0xdc6c999f347cb674bffdd4c7ce694a2a32b8d0c5,1.62
erc20,0xdf7837de1f2fa4631d716cf2502f8b230f1dcc32,0xfd037c3b64ddee9ffdb15ef9bb79ab9299f346b7,958.56
erc20,0xdf7837de1f2fa4631d716cf2502f8b230f1dcc32,0x71d48370ecce78d6ab424f323810794cc082bdca,501415.59
erc20,0xdf7837de1f2fa4631d716cf2502f8b230f1dcc32,0xcebba4e9f558716315fa543ffcee29444484dc30,6212.33
erc20,0xdf7837de1f2fa4631d716cf2502f8b230f1dcc32,0x33e4a278e408e34e4a95388cc7d481250c99d6e3,46.36
erc20,0xdf7837de1f2fa4631d716cf2502f8b230f1dcc32,0xeab203780650ecd4116f0afba42d91e4d11df752,123.48
erc20,0xdf7837de1f2fa4631d716cf2502f8b230f1dcc32,0x802bcc1d0e7356e3b585e0ed15546ba095c398cb,3.01
erc20,0xdf7837de1f2fa4631d716cf2502f8b230f1dcc32,0x1929d726442305465f7d0996be32c71ba2b5f45a,93.33
erc20,0xdf7837de1f2fa4631d716cf2502f8b230f1dcc32,0x261a2c4debe3f27f9046ea5c7b97506903ee8c2a,11.85
erc20,0xdf7837de1f2fa4631d716cf2502f8b230f1dcc32,0xaa671fcf7fde2a2b235a953975a8e945021730ed,599.79
erc20,0xdf7837de1f2fa4631d716cf2502f8b230f1dcc32,0x4f2390c49489f573f05603439123e166dba1494a,163.29
erc20,0xdf7837de1f2fa4631d716cf2502f8b230f1dcc32,0xa680e83809ec7a20745427fe12118d6e1d2eb208,8.5
erc20,0xdf7837de1f2fa4631d716cf2502f8b230f1dcc32,0x645149bd1db8100402c7203a53ce5f3cd16142ce,6687.33
erc20,0xdf7837de1f2fa4631d716cf2502f8b230f1dcc32,0x7e8416ad4de6e12a807bc3a987ae53b0299c96fb,0.79
erc20,0xdf7837de1f2fa4631d716cf2502f8b230f1dcc32,0x75c9aa37a479d5edf521a505d9b366b442c80dac,29.04
erc20,0xdf7837de1f2fa4631d716cf2502f8b230f1dcc32,0x25758104dfbb2bee209ca989b2136881fb5648d5,203.27
erc20,0xdf7837de1f2fa4631d716cf2502f8b230f1dcc32,0xd42e5a216258286cbd74222d65d9dfc807e1410f,38.96
erc20,0xdf7837de1f2fa4631d716cf2502f8b230f1dcc32,0x9bdbdb4a8f7f816c87a67f5281484ed902c6b942,0.42
erc20,0xdf7837de1f2fa4631d716cf2502f8b230f1dcc32,0xca2aebed9aa20d88f8d8f672aa334d9b5cefa32f,1.17
erc20,0xdf7837de1f2fa4631d716cf2502f8b230f1dcc32,0x7fe3ad4a10062ca0b26d52054536b26b27921d81,1158.49
erc20,0xdf7837de1f2fa4631d716cf2502f8b230f1dcc32,0xb1aa02625595619952ee2ea7943923f04cd60183,27.7
erc20,0xdf7837de1f2fa4631d716cf2502f8b230f1dcc32,0x0880db4bfdc294750a400fc56160d9e96c23105e,128.05
erc20,0xdf7837de1f2fa4631d716cf2502f8b230f1dcc32,0x9fed457758d8f47781d55f1a7d2645f417c18ea9,0.05
erc20,0xdf7837de1f2fa4631d716cf2502f8b230f1dcc32,0x5f0a4ebd549fdf4435c0e755682f893708bc129b,9.13
erc20,0xdf7837de1f2fa4631d716cf2502f8b230f1dcc32,0xbcf4edc70977b8711d52bc3fe85ebef46365b4fb,4.87
erc20,0xdf7837de1f2fa4631d716cf2502f8b230f1dcc32,0x68986b0d6e37f26daac8dcff4a72f37482528330,620.29
erc20,0xdf7837de1f2fa4631d716cf2502f8b230f1dcc32,0x2aa61cd8164233d04f51fbad04df781add7a1b63,277.22
erc20,0xdf7837de1f2fa4631d716cf2502f8b230f1dcc32,0x60fa9af30aecfc7d27d093a4160174ef94c50d2c,681.15
erc20,0xdf7837de1f2fa4631d716cf2502f8b230f1dcc32,0x23e21a44373c7393e0a104ef4bedefd8ca2a1295,3121.8
erc20,0xdf7837de1f2fa4631d716cf2502f8b230f1dcc32,0x157ee8331118aeda00e700d1574c7e51516086ec,58.23
erc20,0xdf7837de1f2fa4631d716cf2502f8b230f1dcc32,0x83992ff27bcc3c1710cb0a7f7d2ffe6298a95b86,0.09
erc20,0xdf7837de1f2fa4631d716cf2502f8b230f1dcc32,0xfb7317a5067c58276a1febf77357b3aced53f92c,365.51
erc20,0xdf7837de1f2fa4631d716cf2502f8b230f1dcc32,0x8740d9ec65b40be5ebb84bd22607e81260fe3a3a,350.98
erc20,0xdf7837de1f2fa4631d716cf2502f8b230f1dcc32,0x644aa40def98317e78ce36064a2dca061e023bc9,405.67
erc20,0xdf7837de1f2fa4631d716cf2502f8b230f1dcc32,0x9290be33360e294f6dfb2a213f344034e7b79f9b,326.63
erc20,0xdf7837de1f2fa4631d716cf2502f8b230f1dcc32,0x72c3c4b015f7c6c74e5443eeb08902ae0fd4258a,12.92
erc20,0xdf7837de1f2fa4631d716cf2502f8b230f1dcc32,0x8e8cc98808d0be463e1cc5f3aebbb3773ada818a,309.83
erc20,0xdf7837de1f2fa4631d716cf2502f8b230f1dcc32,0xd146d5a7a188dce0d07ef9957c7207e55705ee5f,11.22
erc20,0xdf7837de1f2fa4631d716cf2502f8b230f1dcc32,0xefd7abf8e2dcf11b1f5b44eaa5d1aea84287d124,157.61
erc20,0xdf7837de1f2fa4631d716cf2502f8b230f1dcc32,0xba063cba5b40a5d7d277299f2092e42be21a2f73,27.35
erc20,0xdf7837de1f2fa4631d716cf2502f8b230f1dcc32,0x6962d305192080ff0dd94a40124286f8d784477a,15000.88
erc20,0xdf7837de1f2fa4631d716cf2502f8b230f1dcc32,0x8e5afaa162f224381195fbdc24787caf1b4d24c8,343.84
erc20,0xdf7837de1f2fa4631d716cf2502f8b230f1dcc32,0xf0a263f52e943b1dc09ea665fc6c764f33909c57,12.45
erc20,0xdf7837de1f2fa4631d716cf2502f8b230f1dcc32,0xa06aaa0ba0b3bb7cf89ee2d1c82d3e0bcbd75e19,921.73
erc20,0xdf7837de1f2fa4631d716cf2502f8b230f1dcc32,0x7ad44b5483987e482a6400f2250eb742aa20f6bb,1008.05
erc20,0xdf7837de1f2fa4631d716cf2502f8b230f1dcc32,0xab12253171a0d73df64b115cd43fe0a32feb9daa,8.6
erc20,0xdf7837de1f2fa4631d716cf2502f8b230f1dcc32,0x3581809251098424a2ca83b7f45bfeff285896b1,552.62
erc20,0xdf7837de1f2fa4631d716cf2502f8b230f1dcc32,0xa7c16efd1a098cf24d09261943362a82f1176ba9,149.09
erc20,0xdf7837de1f2fa4631d716cf2502f8b230f1dcc32,0xc02672ab9c62108149199126598729fb6e18e49a,142.2
erc20,0xdf7837de1f2fa4631d716cf2502f8b230f1dcc32,0x34ab46ad91bb850a758c9eccf0a5c972ecb9f282,74.05
erc20,0xdf7837de1f2fa4631d716cf2502f8b230f1dcc32,0xee4dbdf74779d11f5abd0dae2ee2a87cfd5c3080,42.9
erc20,0xdf7837de1f2fa4631d716cf2502f8b230f1dcc32,0x8081ebcc47bdcdd502a284ae31a830b6c3f2d9be,14.53
erc20,0xdf7837de1f2fa4631d716cf2502f8b230f1dcc32,0xf4c8b065713f6dd763d4ed7ca4846d27a23d088a,114.25
erc20,0xdf7837de1f2fa4631d716cf2502f8b230f1dcc32,0x655989690c7de34c88fc7679f5194e2e87318ff1,1894.51
erc20,0xdf7837de1f2fa4631d716cf2502f8b230f1dcc32,0x8f85d2853e478d2ea627c77cf88eef36e111bb56,59.29
erc20,0xdf7837de1f2fa4631d716cf2502f8b230f1dcc32,0xe21b6e8cea58dabff81820cfb5a51bc3bc3b7997,899.36
erc20,0xdf7837de1f2fa4631d716cf2502f8b230f1dcc32,0xd7cdae39adbdae849d65e0f03a3554d2d7afc1bd,43.02
erc20,0xdf7837de1f2fa4631d716cf2502f8b230f1dcc32,0x040b063c262660c088ae6f258cccd1a4abc00f82,0.22
erc20,0xdf7837de1f2fa4631d716cf2502f8b230f1dcc32,0x347b5c15f75c869c71218883be15f5a57811b0fb,0.72
erc20,0xdf7837de1f2fa4631d716cf2502f8b230f1dcc32,0x20daacb0864ff9a5e07d05ea16fa56cd00fdc16d,27822.72
erc20,0xdf7837de1f2fa4631d716cf2502f8b230f1dcc32,0x4d9fed7af38c4691e992d5d6396d8b2fc773fc99,21.9
erc20,0xdf7837de1f2fa4631d716cf2502f8b230f1dcc32,0xcd66a0ae53cc1f58b2e709e5def44d06a19c71ce,228.55
erc20,0xdf7837de1f2fa4631d716cf2502f8b230f1dcc32,0xb3549a1999cea0801f043294164ff9820bb29999,9.4
erc20,0xdf7837de1f2fa4631d716cf2502f8b230f1dcc32,0xfae08e5cd1fdd11a3059f66784773b79b6cc1bea,155.99
erc20,0xdf7837de1f2fa4631d716cf2502f8b230f1dcc32,0xa96cabc515b6a71ff21d21e576b28ba3c88b6057,251.17
erc20,0xdf7837de1f2fa4631d716cf2502f8b230f1dcc32,0xd365b1d34492bbd1304db734e369e4ec103c7722,1198.48
erc20,0xdf7837de1f2fa4631d716cf2502f8b230f1dcc32,0xaf25039e1280aa4e80a7792eb44676b7ad05e418,205.18
erc20,0xdf7837de1f2fa4631d716cf2502f8b230f1dcc32,0xdd2b8633c5aabc37b4dc57587b4bf357bcb68e60,848.1
erc20,0xdf7837de1f2fa4631d716cf2502f8b230f1dcc32,0x4c3fa36a3c10fd7a8cd3530a4a9ac6cb7aa341cc,100.38
erc20,0xdf7837de1f2fa4631d716cf2502f8b230f1dcc32,0x9aaae3eafcbdd422cd1db6c5aae26134905c45a4,52.19
erc20,0xdf7837de1f2fa4631d716cf2502f8b230f1dcc32,0x8249519d5f1cdd8ae8f79270b81f2bc411574e10,16607.95
erc20,0xdf7837de1f2fa4631d716cf2502f8b230f1dcc32,0xad283b2002115957f1ed1d2b59ec6f84e83dda39,125.02
erc20,0xdf7837de1f2fa4631d716cf2502f8b230f1dcc32,0xb43452a77eb58665e6701bd5243b015015c7af37,65.4
erc20,0xdf7837de1f2fa4631d716cf2502f8b230f1dcc32,0xf92b4b6a18b993cf76c332fd8f8c30030926b0bc,28.22
erc20,0xdf7837de1f2fa4631d716cf2502f8b230f1dcc32,0x1d8209728b3151cf0f11ef14013a783d9a440a5d,434.66
erc20,0xdf7837de1f2fa4631d716cf2502f8b230f1dcc32,0xf141edc79b9d28c09fa5b70548b23008b79f2124,177.01
erc20,0xdf7837de1f2fa4631d716cf2502f8b230f1dcc32,0x567bc8a6a5473c5d624bc4053a8f5486c55721bf,139.97
erc20,0xdf7837de1f2fa4631d716cf2502f8b230f1dcc32,0x0505a5c3dc876d509716e83aed83021840ea0696,39.65
erc20,0xdf7837de1f2fa4631d716cf2502f8b230f1dcc32,0x44e45c4af784da8ac5455d4148ac870ab6fc72bb,2165.66
erc20,0xdf7837de1f2fa4631d716cf2502f8b230f1dcc32,0x237f1cb9c39ff08d7c3127749cd82e2967fb38bb,268.69
erc20,0xdf7837de1f2fa4631d716cf2502f8b230f1dcc32,0xf9137558b2fdaa33981c74a0322549a986c393cc,0.55
erc20,0xdf7837de1f2fa4631d716cf2502f8b230f1dcc32,0x5d3d2cf68736d5fa6203b7b1d613ff1d1dc8b07f,17.47
erc20,0xdf7837de1f2fa4631d716cf2502f8b230f1dcc32,0x3b5700fb1a9ba423f8ac1c0db283b67a8ea41f4f,0.69
erc20,0xdf7837de1f2fa4631d716cf2502f8b230f1dcc32,0x5ef4ca99d46f719be3374e0ea3687f21b4eb714c,26.68
erc20,0xdf7837de1f2fa4631d716cf2502f8b230f1dcc32,0x62c7e396b6852f1833aa9e9f052c72ff78a8edba,62.51
erc20,0xdf7837de1f2fa4631d716cf2502f8b230f1dcc32,0x3d2ad78023c25373223f0f356d7a84f76bdd4b66,622.77
erc20,0xdf7837de1f2fa4631d716cf2502f8b230f1dcc32,0x27b4ccb700a16d3929ec26852f73a735bb152d61,40.76
erc20,0xdf7837de1f2fa4631d716cf2502f8b230f1dcc32,0xf691b54ac1e0cc77078dfbac2a71d3056f494bdf,5414.19
erc20,0xdf7837de1f2fa4631d716cf2502f8b230f1dcc32,0x65eaa047aa177972dd81c74852283b75c5b6b870,71.19
erc20,0xdf7837de1f2fa4631d716cf2502f8b230f1dcc32,0xe30d4f4470f3bf62e075a2614c089f9af8e39f19,36.36
erc20,0xdf7837de1f2fa4631d716cf2502f8b230f1dcc32,0x90dae5c4182d4685850150718ea63fb6c13c5d53,7512.06
erc20,0xdf7837de1f2fa4631d716cf2502f8b230f1dcc32,0xc568e10c406da98b2eeeff44c9fbb1d5281cd89b,57.9
erc20,0xdf7837de1f2fa4631d716cf2502f8b230f1dcc32,0x88882e661ed8cb398b21f1cf13651bd8b47a0588,7042.86
erc20,0xdf7837de1f2fa4631d716cf2502f8b230f1dcc32,0x9d3ce206fa696269f6876c6370f42d0eafe9620f,34.1
erc20,0xdf7837de1f2fa4631d716cf2502f8b230f1dcc32,0x89f1fe78618c57defd6c69d2a0f316a73bcd2ed8,1.45
erc20,0xdf7837de1f2fa4631d716cf2502f8b230f1dcc32,0xf1c8d18f5725d9d378f5526ca6cf144c75f09302,9.03
erc20,0xdf7837de1f2fa4631d716cf2502f8b230f1dcc32,0x02a5257d60c7918959ca542a4a3ceea61293d618,200.99
erc20,0xdf7837de1f2fa4631d716cf2502f8b230f1dcc32,0x946a83ad61edc35dd5dcd028dfeed2a72c11d960,84.52
erc20,0xdf7837de1f2fa4631d716cf2502f8b230f1dcc32,0xf5777c26a144132a3fb708cc98a91f2bd8207b23,4.98
erc20,0xdf7837de1f2fa4631d716cf2502f8b230f1dcc32,0xf00e2a42b95e5e65655b441c0f43353b5b97c7d3,142.49
erc20,0xdf7837de1f2fa4631d716cf2502f8b230f1dcc32,0x463870a4246ca08dc2893696a60363092720c6f0,18.41
erc20,0xdf7837de1f2fa4631d716cf2502f8b230f1dcc32,0xf557c535dab891c6c8e3ac5b52e5dca23d4ea029,22.49
erc20,0xdf7837de1f2fa4631d716cf2502f8b230f1dcc32,0xae5499976ffd3e58be47bdd51c787a5201d957f4,2.8
erc20,0xdf7837de1f2fa4631d716cf2502f8b230f1dcc32,0x69d925eeaeee4c74408ee8c55c0605d0f1e0acd0,138.85
erc20,0xdf7837de1f2fa4631d716cf2502f8b230f1dcc32,0x8a22fe68c60c1cfc8e3d50128ba2170fbe7cc961,22.3
erc20,0xdf7837de1f2fa4631d716cf2502f8b230f1dcc32,0xb13dc69991da517026b17f08a380294d6e66418b,460.81
erc20,0xdf7837de1f2fa4631d716cf2502f8b230f1dcc32,0xaa64c66b45ea3375454f26ec33ffdc8bf55664af,129.53
erc20,0xdf7837de1f2fa4631d716cf2502f8b230f1dcc32,0xb409f12962d8349c9e11afa3fc7a45b9252c921b,0.11
erc20,0xdf7837de1f2fa4631d716cf2502f8b230f1dcc32,0xf569d0f97a7e9bab177d7a2cdad17eddd1c5ff42,5062.34
erc20,0xdf7837de1f2fa4631d716cf2502f8b230f1dcc32,0x0db6bff4127183bf64eedd2bc77baa374b9ea92f,537.2
erc20,0xdf7837de1f2fa4631d716cf2502f8b230f1dcc32,0x9de5fb2e82681cbf0f9885b2e17c7aadaf7c6a32,587.22
erc20,0xdf7837de1f2fa4631d716cf2502f8b230f1dcc32,0xaeab2c097bd7a9e5dbd83feba500aa56fb0c5930,277.88
erc20,0xdf7837de1f2fa4631d716cf2502f8b230f1dcc32,0x337036a2c90243809114941dbcd67f0615de0a33,40.71
erc20,0xdf7837de1f2fa4631d716cf2502f8b230f1dcc32,0xbd5726acb80f5b497c28a0f4d70c7c30a5f6de5a,144.67
erc20,0xdf7837de1f2fa4631d716cf2502f8b230f1dcc32,0x0536875720bb7cf9fe9a93caae834ff281beaf7c,298.71
erc20,0xdf7837de1f2fa4631d716cf2502f8b230f1dcc32,0x2faed634727c6b084b2d18693c06d6346c74b386,31689.93
erc20,0xdf7837de1f2fa4631d716cf2502f8b230f1dcc32,0xa2a76515fe779badd0ba5db3f62c51c14d2a70b8,854.58
erc20,0xdf7837de1f2fa4631d716cf2502f8b230f1dcc32,0x986cf81673ba64b5eb697e0c8e920459e8c48dcb,1.73
erc20,0xdf7837de1f2fa4631d716cf2502f8b230f1dcc32,0x184380eb8d51a5c795ff3d6da095649572430f22,63.04
erc20,0xdf7837de1f2fa4631d716cf2502f8b230f1dcc32,0x4d588a581fef0b98b642f53685c905866a522027,449.24
erc20,0xdf7837de1f2fa4631d716cf2502f8b230f1dcc32,0x012e414b3043e5de1714cc0a03fa6e0125efd80e,0.01
erc20,0xdf7837de1f2fa4631d716cf2502f8b230f1dcc32,0x491c7d30ee783ffcf87c4d8cd7b2ae7cea6e02c7,0.01
erc20,0xdf7837de1f2fa4631d716cf2502f8b230f1dcc32,0x2ed0f4e9769591d8eff038abd884187c8101c7f3,41.27
erc20,0xdf7837de1f2fa4631d716cf2502f8b230f1dcc32,0x51893709cde4ae79ec0e369857bb92aa462bbb8f,0.03
erc20,0xdf7837de1f2fa4631d716cf2502f8b230f1dcc32,0xebb9cbd30abc8c494b59af38cb525c18a29a437d,0.03
erc20,0xdf7837de1f2fa4631d716cf2502f8b230f1dcc32,0x38b250f73a4cc49307e237dca1b672779bc2e9fd,0.04
erc20,0xdf7837de1f2fa4631d716cf2502f8b230f1dcc32,0x09f5524a9927735d8afb02ce73ec31b9f8b4c16d,0.01
erc20,0xdf7837de1f2fa4631d716cf2502f8b230f1dcc32,0x7d9c5bc975394b1b6cf8a9109efa8ba87238582d,0.02
erc20,0xdf7837de1f2fa4631d716cf2502f8b230f1dcc32,0xffc57ab280cb8d1e47e11ce225f113612cff3d8e,0.41
erc20,0xdf7837de1f2fa4631d716cf2502f8b230f1dcc32,0x0da1d27ab726669ed32ff3963cd9167ffaa04742,0.06
